timestamp,event,src,dst
1,fire,3,
727,fire,7,
746,fire,7,
758,fire,7,
769,fire,0,
777,fire,7,
777,hit,0,7.0
777,fire,0,
777,hit,7,0.0
783,fire,0,
786,fire,7,
786,hit,0,7.0
787,fire,6,
794,fire,7,
796,fire,0,
796,hit,7,0.0
801,fire,7,
803,fire,1,
803,hit,6,1.0
805,fire,0,
805,hit,7,0.0
808,fire,7,
811,fire,0,
811,hit,7,0.0
811,dead,7,0.0
814,fire,1,
814,hit,6,1.0
819,fire,4,
821,fire,0,
824,fire,4,
826,fire,1,
826,hit,6,1.0
828,fire,6,
830,fire,4,
830,hit,6,4.0
830,dead,6,4.0
836,fire,4,
838,fire,1,
840,fire,4,
843,fire,4,
849,fire,4,
851,fire,1,
1039,fire,5,
1047,fire,5,
1047,hit,2,5.0
1047,dead,2,5.0
1053,fire,5,
1061,fire,5,
1190,fire,7,
1196,fire,7,
1196,hit,0,7.0
1201,fire,7,
1208,fire,7,
1208,hit,0,7.0
1208,dead,0,7.0
1214,fire,7,
1220,fire,7,
1226,fire,7,
1234,fire,3,
1240,fire,3,
1244,fire,3,
1248,fire,3,
1253,fire,3,
1258,fire,3,
1262,fire,3,
1276,fire,3,
1282,fire,3,
1286,fire,3,
1290,fire,3,
1295,fire,3,
1295,hit,5,3.0
1299,fire,5,
1299,hit,3,5.0
1299,dead,3,5.0
1307,fire,5,
1313,fire,5,
1440,fire,2,
1491,fire,1,
1602,fire,0,
1610,fire,0,
1614,fire,3,
1616,fire,1,
1619,fire,0,
1620,fire,3,
1622,fire,6,
1625,fire,3,
1625,fire,0,
1625,hit,2,0.0
1629,fire,3,
1631,fire,0,
1634,fire,3,
1638,fire,0,
1638,hit,2,0.0
1641,fire,3,
1641,hit,0,3.0
1643,fire,6,
1643,fire,3,
1647,fire,3,
1647,fire,6,
1650,fire,0,
1653,fire,3,
1653,hit,0,3.0
1653,dead,0,3.0
1658,fire,3,
1660,fire,6,
1661,fire,3,
1666,fire,3,
1666,fire,6,
1671,fire,3,
1675,fire,3,
1681,fire,3,
1681,fire,6,
1686,fire,3,
1689,fire,6,
1692,fire,3,
1695,fire,3,
1699,fire,3,
1702,fire,6,
1706,fire,3,
1709,fire,6,
1721,fire,6,
1728,fire,6,
1735,fire,6,
1739,fire,6,
1748,fire,6,
1755,fire,6,
1774,fire,6,
1780,fire,6,
1919,fire,2,
1926,fire,2,
1962,fire,3,
1967,fire,3,
1971,fire,3,
1986,fire,3,
1988,fire,7,
1991,fire,3,
1995,fire,3,
2181,fire,5,
2183,fire,1,
2190,fire,5,
2190,hit,2,5.0
2190,dead,2,5.0
2192,fire,1,
2192,hit,3,1.0
2197,fire,5,
2201,fire,1,
2201,hit,3,1.0
2204,fire,5,
2208,fire,1,
2208,hit,3,1.0
2208,fire,3,
2212,fire,3,
2216,fire,1,
2216,hit,3,1.0
2216,dead,3,1.0
2226,fire,1,
2237,fire,1,
2433,fire,6,
2445,fire,6,
2451,fire,6,
2470,fire,3,
2475,fire,3,
2488,fire,2,
2505,fire,2,
2532,fire,5,
2541,fire,5,
2547,fire,5,
2554,fire,5,
2561,fire,5,
2563,fire,2,
2573,fire,3,
2578,fire,2,
2578,fire,3,
2582,fire,3,
2587,fire,3,
2592,fire,5,
2594,fire,3,
2594,fire,1,
2594,hit,3,1.0
2597,fire,2,
2599,fire,3,
2601,fire,5,
2604,fire,3,
2606,fire,1,
2606,hit,3,1.0
2608,fire,3,
2608,fire,5,
2610,fire,2,
2613,fire,3,
2616,fire,1,
2616,hit,3,1.0
2618,fire,5,
2618,hit,6,5.0
2618,fire,3,
2621,fire,1,
2621,hit,3,1.0
2621,fire,3,
2624,fire,3,
2627,fire,2,
2630,fire,6,
2632,fire,3,
2632,hit,1,3.0
2632,fire,1,
2632,hit,3,1.0
2634,fire,3,
2634,hit,1,3.0
2634,fire,6,
2640,fire,1,
2640,hit,3,1.0
2640,dead,3,1.0
2643,fire,6,
2647,fire,6,
2651,fire,1,
2654,fire,5,
2659,fire,1,
2661,fire,5,
2663,fire,6,
2667,fire,6,
2669,fire,5,
2674,fire,6,
2682,fire,6,
2692,fire,6,
2727,fire,6,
2758,fire,6,
2783,fire,6,
2792,fire,6,
2800,fire,6,
2809,fire,6,
2816,fire,6,
2824,fire,6,
2832,fire,6,
2839,fire,6,
2895,fire,3,
2901,fire,2,
2907,fire,3,
3146,fire,5,
3146,hit,6,5.0
3146,dead,6,5.0
3162,fire,5,
3164,fire,4,
3167,fire,7,
3167,hit,0,7.0
3181,fire,7,
3191,fire,7,
3198,fire,7,
3209,fire,7,
3222,fire,7,
3234,fire,7,
3249,fire,5,
3249,hit,7,5.0
3249,dead,7,5.0
3265,fire,5,
3367,fire,3,
3372,fire,3,
3372,hit,1,3.0
3376,fire,3,
3381,fire,3,
3381,hit,1,3.0
3381,dead,1,3.0
3387,fire,3,
3391,fire,3,
3395,fire,3,
3400,fire,3,
3406,fire,3,
3410,fire,3,
3413,fire,3,
3418,fire,3,
3423,fire,3,
3457,fire,2,
3472,fire,3,
3478,fire,3,
3482,fire,3,
3482,hit,0,3.0
3487,fire,3,
3492,fire,3,
3492,hit,0,3.0
3492,dead,0,3.0
3495,fire,3,
3500,fire,3,
3506,fire,3,
3511,fire,3,
3727,fire,2,
3791,fire,3,
3796,fire,3,
3802,fire,3,
3806,fire,3,
3806,hit,1,3.0
3811,fire,3,
3815,fire,3,
3818,fire,1,
3820,fire,3,
3825,fire,3,
3829,fire,1,
3832,fire,3,
3832,hit,1,3.0
3835,fire,3,
3839,fire,3,
3841,fire,1,
3841,hit,3,1.0
3843,fire,3,
3843,hit,1,3.0
3847,fire,5,
3847,hit,3,5.0
3847,dead,3,5.0
3851,fire,1,
3863,fire,5,
3865,fire,1,
3915,fire,2,
3931,fire,3,
3967,fire,3,
3977,fire,3,
3988,fire,3,
4210,fire,5,
4226,fire,5,
4226,hit,2,5.0
4226,dead,2,5.0
4243,fire,5,
4243,hit,7,5.0
4243,dead,7,5.0
4258,fire,5,
4556,fire,2,
4658,fire,3,
4668,fire,3,
4684,fire,3,
4684,hit,5,3.0
4694,fire,3,
4694,hit,5,3.0
4705,fire,5,
4705,hit,3,5.0
4706,fire,3,
4719,fire,3,
4721,fire,5,
4730,fire,3,
4736,fire,5,
4736,hit,3,5.0
4741,fire,3,
4741,hit,5,3.0
4751,fire,5,
4751,hit,3,5.0
4752,dead,3,5.0
4769,fire,5,
4998,fire,3,
4998,hit,1,3.0
5005,fire,3,
5005,hit,1,3.0
5005,dead,1,3.0
5010,fire,3,
5017,fire,3,
5068,fire,5,
5070,fire,5,
5073,fire,5,
5075,fire,5,
5076,fire,5,
5077,fire,5,
5078,fire,5,
5081,fire,5,
5084,fire,5,
5086,fire,5,
5088,fire,5,
5090,fire,5,
5092,fire,5,
5094,fire,5,
5097,fire,5,
5097,fire,4,
5099,fire,5,
5102,fire,5,
5102,fire,4,
5104,fire,5,
5106,fire,5,
5106,fire,4,
5108,fire,2,
5108,hit,4,2.0
5108,fire,5,
5111,fire,5,
5113,fire,4,
5115,fire,4,
5115,hit,2,4.0
5120,fire,4,
5124,fire,4,
5129,fire,4,
5135,fire,4,
5135,hit,2,4.0
5140,fire,4,
5140,hit,2,4.0
5146,fire,4,
5146,hit,2,4.0
5146,dead,2,4.0
5150,fire,4,
5155,fire,4,
5161,fire,4,
5164,fire,4,
5274,fire,3,
5277,fire,5,
5281,fire,3,
5281,hit,5,3.0
5281,dead,5,3.0
5286,fire,3,
5293,fire,3,
5298,fire,3,
5371,fire,2,
5382,fire,2,
5391,fire,2,
5408,fire,0,
5436,fire,1,
5444,fire,1,
5450,fire,1,
5456,fire,6,
5457,fire,1,
5462,fire,1,
5462,fire,6,
5462,hit,4,6.0
5462,dead,4,6.0
5467,fire,1,
5467,fire,6,
5475,fire,1,
5477,fire,6,
5480,fire,1,
5486,fire,6,
5488,fire,1,
5494,fire,1,
5498,fire,1,
5506,fire,1,
5511,fire,1,
5519,fire,1,
5525,fire,1,
5530,fire,1,
5537,fire,1,
5588,fire,7,
5597,fire,7,
5604,fire,7,
5612,fire,7,
5621,fire,7,
5634,fire,7,
5636,fire,2,
5642,fire,2,
5648,fire,7,
5651,fire,2,
5662,fire,7,
5662,hit,0,7.0
5664,fire,0,
5664,hit,7,0.0
5669,fire,7,
5671,fire,0,
5671,hit,7,0.0
5673,fire,2,
5678,fire,0,
5682,fire,2,
5685,fire,7,
5685,hit,1,7.0
5685,fire,0,
5685,hit,7,0.0
5690,fire,7,
5690,hit,0,7.0
5692,fire,0,
5692,hit,7,0.0
5692,dead,7,0.0
5695,fire,2,
5698,fire,2,
5698,fire,0,
5705,fire,0,
5711,fire,0,
5912,fire,3,
5913,hit,1,3.0
5919,fire,3,
5919,hit,1,3.0
5925,fire,3,
5925,hit,1,3.0
5930,fire,4,
5933,fire,3,
5933,hit,1,3.0
5933,dead,1,3.0
5936,fire,4,
5938,fire,3,
5941,fire,4,
5945,fire,3,
5947,fire,4,
5951,fire,4,
5956,fire,4,
5961,fire,4,
5965,fire,4,
5982,fire,4,
5988,fire,4,
5993,fire,4,
5997,fire,4,
6003,fire,4,
6054,fire,4,
6054,hit,2,4.0
6060,fire,4,
6065,fire,4,
6065,hit,2,4.0
6081,fire,4,
6081,hit,2,4.0
6087,fire,4,
6091,fire,4,
6107,fire,4,
6107,hit,2,4.0
6114,fire,4,
6131,fire,4,
6131,hit,2,4.0
6136,fire,4,
6154,fire,4,
6160,fire,4,
6160,hit,2,4.0
6167,fire,6,
6173,fire,1,
6175,fire,4,
6181,fire,4,
6183,fire,6,
6183,hit,4,6.0
6194,fire,6,
6194,hit,4,6.0
6197,fire,4,
6199,fire,1,
6204,fire,6,
6204,hit,4,6.0
6204,fire,4,
6217,fire,6,
6217,hit,4,6.0
6220,fire,4,
6223,fire,1,
6226,fire,4,
6228,fire,6,
6228,hit,4,6.0
6230,fire,4,
6238,fire,6,
6238,hit,4,6.0
6243,fire,4,
6249,fire,4,
6252,fire,1,
6252,fire,6,
6252,hit,4,6.0
6252,dead,4,6.0
6261,fire,6,
6273,fire,6,
6275,fire,1,
6433,fire,5,
6441,fire,5,
6447,fire,2,
6450,fire,5,
6455,fire,2,
6456,fire,2,
6461,fire,5,
6461,hit,2,5.0
6461,dead,2,5.0
6467,fire,5,
6550,fire,1,
6600,fire,3,
6607,fire,3,
6612,fire,5,
6614,fire,3,
6614,hit,5,3.0
6618,fire,5,
6619,hit,3,5.0
6619,dead,3,5.0
6625,fire,5,
6632,fire,5,
6691,fire,6,
6699,fire,6,
6699,hit,4,6.0
6703,fire,6,
6714,fire,6,
6722,fire,6,
6722,hit,4,6.0
6731,fire,6,
6739,fire,6,
6739,hit,4,6.0
6745,fire,6,
6751,fire,6,
6751,hit,4,6.0
6751,dead,4,6.0
6757,fire,6,
6763,fire,6,
6770,fire,6,
6789,fire,1,
6827,fire,6,
6829,fire,0,
6832,fire,6,
6838,fire,0,
6838,hit,6,0.0
6841,fire,6,
6845,fire,6,
6845,fire,0,
6845,hit,6,0.0
6850,fire,6,
6850,hit,0,6.0
6852,fire,0,
6856,fire,6,
6856,hit,0,6.0
6859,fire,0,
6859,hit,6,0.0
6862,fire,6,
6862,hit,0,6.0
6862,dead,0,6.0
6867,fire,6,
6872,fire,6,
6973,fire,5,
6980,fire,5,
6989,fire,5,
6989,hit,6,5.0
6994,fire,5,
6994,hit,6,5.0
6995,dead,6,5.0
7003,fire,5,
7005,fire,1,
7010,fire,5,
7016,fire,1,
7026,fire,1,
7141,fire,3,
7141,hit,1,3.0
7149,fire,3,
7149,hit,1,3.0
7152,fire,5,
7154,fire,5,
7156,fire,5,
7158,fire,5,
7161,fire,5,
7164,fire,5,
7165,fire,5,
7166,fire,5,
7168,fire,5,
7170,fire,5,
7172,fire,5,
7174,fire,1,
7174,fire,5,
7176,fire,5,
7178,fire,5,
7180,fire,5,
7182,fire,5,
7184,fire,5,
7186,fire,5,
7189,fire,5,
7192,fire,5,
7194,fire,5,
7232,fire,3,
7232,hit,1,3.0
7232,dead,1,3.0
7240,fire,3,
7240,hit,5,3.0
7240,dead,5,3.0
7244,fire,3,
7251,fire,3,
7257,fire,3,
7505,fire,5,
7515,fire,5,
7523,fire,5,
7523,hit,6,5.0
7523,dead,6,5.0
7529,fire,5,
7535,fire,5,
7633,fire,2,
7636,fire,3,
7636,hit,4,3.0
7636,dead,4,3.0
7642,fire,3,
7648,fire,3,
7655,fire,3,
7697,fire,1,
7831,fire,6,
7836,fire,6,
7957,fire,5,
7980,fire,6,
7984,fire,5,
7988,fire,3,
7988,hit,5,3.0
7993,fire,3,
7993,hit,5,3.0
7995,fire,5,
7996,hit,3,5.0
7996,dead,3,5.0
8000,fire,5,
8003,fire,6,
8007,fire,5,
8007,hit,2,5.0
8007,dead,2,5.0
8014,fire,5,
8021,fire,5,
8028,fire,5,
8277,fire,3,
8277,hit,0,3.0
8283,fire,3,
8288,fire,3,
8295,fire,3,
8301,fire,3,
8309,fire,3,
8313,fire,0,
8316,fire,3,
8316,hit,0,3.0
8321,fire,3,
8321,hit,0,3.0
8321,dead,0,3.0
8327,fire,3,
8332,fire,3,
8416,fire,3,
8422,fire,3,
8429,fire,3,
8429,hit,5,3.0
8429,dead,5,3.0
8435,fire,3,
8441,fire,3,
8448,fire,3,
8555,fire,6,
8560,fire,6,
8567,fire,6,
8567,hit,1,6.0
8572,fire,6,
8572,hit,1,6.0
8579,fire,6,
8586,fire,6,
8589,fire,3,
8591,fire,6,
8596,fire,3,
8598,fire,6,
8598,hit,1,6.0
8600,fire,1,
8602,fire,3,
8604,fire,6,
8604,hit,1,6.0
8610,fire,1,
8610,hit,6,1.0
8610,fire,6,
8610,hit,1,6.0
8616,fire,6,
8620,fire,1,
8622,fire,6,
8624,fire,1,
8628,fire,6,
8631,fire,1,
8634,fire,6,
8638,fire,1,
8640,fire,6,
8643,fire,6,
8645,fire,1,
8645,hit,6,1.0
8649,fire,6,
8651,fire,1,
8651,hit,6,1.0
8655,fire,6,
8657,fire,1,
8657,hit,6,1.0
8657,dead,6,1.0
8662,fire,1,
8668,fire,1,
8674,fire,1,
8942,fire,1,
8960,fire,2,
8977,fire,5,
8986,fire,5,
8990,fire,1,
8994,fire,5,
8994,hit,7,5.0
8994,dead,7,5.0
9000,fire,5,
9033,fire,1,
9059,fire,1,
9082,fire,1,
9182,fire,4,
9191,fire,4,
9195,fire,4,
9198,fire,4,
9203,fire,4,
9207,fire,3,
9215,fire,3,
9215,hit,1,3.0
9215,dead,1,3.0
9220,fire,3,
9227,fire,3,
9416,fire,5,
9425,fire,5,
9433,fire,1,
9436,fire,5,
9438,fire,5,
9478,fire,1,
9511,fire,2,
9516,fire,2,
9523,fire,2,
9529,fire,2,
9535,fire,2,
9670,fire,3,
9676,fire,3,
9676,hit,5,3.0
9678,fire,5,
9678,hit,3,5.0
9683,fire,3,
9683,hit,5,3.0
9685,fire,5,
9685,hit,3,5.0
9685,dead,3,5.0
9690,fire,5,
9697,fire,5,
9760,fire,5,
9783,fire,2,
9786,fire,5,
9787,hit,2,5.0
9787,dead,2,5.0
9793,fire,5,
9800,fire,5,
10090,fire,2,
10096,fire,2,
10101,fire,2,
10350,fire,2,
10363,fire,2,
10363,fire,3,
10370,fire,3,
10370,hit,5,3.0
10372,fire,5,
10372,hit,3,5.0
10373,dead,3,5.0
10374,fire,2,
10380,fire,5,
10386,fire,5,
10422,fire,6,
10536,fire,5,
10538,fire,5,
10540,fire,5,
10542,fire,5,
10544,fire,5,
10546,fire,5,
10549,fire,0,
10549,hit,3,0.0
10553,fire,5,
10555,fire,5,
10557,fire,5,
10559,fire,5,
10561,fire,5,
10563,fire,5,
10565,fire,5,
10567,fire,3,
10567,fire,5,
10570,fire,5,
10573,fire,5,
10573,fire,0,
10573,hit,3,0.0
10573,dead,3,0.0
10575,fire,5,
10577,fire,5,
10579,fire,5,
10585,fire,0,
11039,fire,1,
11046,fire,1,
11053,fire,1,
11059,fire,2,
11059,hit,1,2.0
11059,dead,1,2.0
11237,fire,5,
11247,fire,5,
11247,hit,3,5.0
11247,dead,3,5.0
11255,fire,5,
11263,fire,5,
11364,fire,5,
11369,fire,2,
11371,fire,5,
11377,fire,5,
11387,fire,5,
11399,fire,5,
11407,fire,5,
11408,hit,2,5.0
11408,dead,2,5.0
11420,fire,4,
11424,fire,1,
11466,fire,4,
11577,fire,5,
11577,hit,6,5.0
11578,dead,6,5.0
11598,fire,1,
11598,hit,2,1.0
11605,fire,1,
11605,hit,2,1.0
11612,fire,1,
11612,hit,2,1.0
11612,dead,2,1.0
11617,fire,1,
11623,fire,1,
11631,fire,1,
11896,fire,1,
11896,hit,3,1.0
11905,fire,1,
11905,hit,3,1.0
11909,fire,3,
11909,hit,1,3.0
11910,dead,1,3.0
12103,fire,6,
12211,fire,5,
12222,fire,5,
12222,hit,2,5.0
12222,dead,2,5.0
12228,fire,5,
12237,fire,5,
12254,fire,5,
12263,fire,5,
12270,fire,5,
12278,fire,5,
12299,fire,5,
12299,hit,3,5.0
12310,fire,5,
12310,hit,3,5.0
12310,dead,3,5.0
12316,fire,5,
12597,fire,3,
12605,fire,3,
12610,fire,3,
12624,fire,2,
12684,fire,1,
12691,fire,1,
12698,fire,1,
12704,fire,1,
12704,hit,6,1.0
12707,fire,6,
12709,fire,1,
12714,fire,6,
12714,hit,1,6.0
12717,fire,1,
12717,hit,6,1.0
12719,fire,6,
12723,fire,1,
12723,hit,6,1.0
12726,fire,6,
12726,hit,1,6.0
12729,fire,1,
12729,hit,6,1.0
12729,dead,6,1.0
12736,fire,1,
12738,fire,2,
12740,fire,3,
12741,fire,1,
12746,fire,3,
12749,fire,1,
12751,fire,3,
12753,fire,5,
12755,fire,2,
12758,fire,3,
12760,fire,5,
12765,fire,3,
12768,fire,5,
12768,hit,7,5.0
12768,dead,7,5.0
12770,fire,2,
12772,fire,3,
12776,fire,5,
12781,fire,2,
12790,fire,2,
12791,fire,3,
12791,hit,0,3.0
12798,fire,3,
12798,hit,0,3.0
12801,fire,2,
12803,fire,3,
12810,fire,3,
12810,hit,0,3.0
12810,dead,0,3.0
12813,fire,2,
12816,fire,3,
12823,fire,3,
12825,fire,2,
12828,fire,3,
12834,fire,2,
12846,fire,2,
12897,fire,2,
12908,fire,2,
13071,fire,5,
13076,fire,5,
13079,fire,3,
13080,hit,5,3.0
13084,fire,5,
13084,hit,3,5.0
13084,dead,3,5.0
13090,fire,5,
13097,fire,5,
13105,fire,5,
13149,fire,7,
13156,fire,7,
13162,fire,7,
13168,fire,7,
13175,fire,7,
13184,fire,7,
13191,fire,7,
13204,fire,5,
13206,fire,5,
13208,fire,5,
13210,fire,5,
13213,fire,5,
13215,fire,1,
13215,fire,5,
13217,fire,5,
13219,fire,5,
13222,fire,5,
13224,fire,1,
13224,hit,7,1.0
13224,dead,7,1.0
13224,fire,5,
13226,fire,5,
13228,fire,5,
13230,fire,5,
13232,fire,5,
13232,fire,1,
13234,fire,5,
13236,fire,5,
13238,fire,5,
13240,fire,5,
13242,fire,5,
13242,fire,1,
13242,fire,6,
13242,hit,0,6.0
13244,fire,5,
13246,fire,5,
13247,fire,5,
13248,fire,6,
13252,fire,6,
13253,hit,0,6.0
13255,fire,0,
13259,fire,6,
13259,hit,0,6.0
13267,fire,6,
13267,hit,0,6.0
13271,fire,0,
13271,hit,6,0.0
13274,fire,6,
13274,hit,0,6.0
13274,dead,0,6.0
13279,fire,6,
13284,fire,6,
13290,fire,6,
13464,fire,3,
13472,fire,3,
13477,fire,3,
13484,fire,3,
13484,hit,1,3.0
13490,fire,3,
13498,fire,3,
13498,hit,1,3.0
13498,dead,1,3.0
13502,fire,3,
13508,fire,3,
13523,fire,5,
13533,fire,5,
13539,fire,5,
13539,hit,3,5.0
13539,dead,3,5.0
13545,fire,5,
13552,fire,5,
13559,fire,5,
13802,fire,5,
13804,fire,5,
13806,fire,5,
13808,fire,5,
13810,fire,5,
13813,fire,5,
13815,fire,5,
13817,fire,5,
13819,fire,5,
13821,fire,5,
13823,fire,5,
13824,fire,5,
13825,fire,5,
13827,fire,5,
13828,fire,5,
13830,fire,5,
13832,fire,5,
13834,fire,5,
13836,fire,5,
13838,fire,5,
13840,fire,5,
13842,fire,5,
13844,fire,5,
14000,fire,6,
14035,fire,0,
14122,fire,5,
14122,hit,6,5.0
14122,dead,6,5.0
14129,fire,5,
14136,fire,5,
14143,fire,5,
14262,fire,3,
14269,fire,3,
14275,fire,3,
14275,hit,1,3.0
14279,fire,1,
14279,hit,3,1.0
14283,fire,3,
14283,hit,1,3.0
14283,dead,1,3.0
14287,fire,3,
14294,fire,3,
14413,fire,5,
14422,fire,5,
14422,hit,3,5.0
14429,fire,5,
14429,hit,3,5.0
14429,dead,3,5.0
14435,fire,5,
14442,fire,5,
14448,fire,5,
14541,fire,5,
14549,fire,5,
14549,hit,6,5.0
14549,dead,6,5.0
14555,fire,5,
14563,fire,5,
14565,fire,1,
14573,fire,1,
14575,fire,7,
14579,fire,1,
14579,hit,7,1.0
14584,fire,1,
14591,fire,1,
14597,fire,1,
14603,fire,1,
14609,fire,1,
14609,hit,7,1.0
14623,fire,1,
14629,fire,1,
14629,hit,7,1.0
14634,fire,1,
14634,hit,7,1.0
14634,dead,7,1.0
14641,fire,1,
14647,fire,1,
14654,fire,1,
14679,fire,3,
14679,hit,0,3.0
14686,fire,3,
14693,fire,3,
14693,hit,0,3.0
14696,fire,0,
14699,fire,3,
14699,hit,0,3.0
14705,fire,3,
14705,hit,0,3.0
14705,dead,0,3.0
14711,fire,3,
14711,hit,4,3.0
14718,fire,3,
14718,hit,4,3.0
14718,dead,4,3.0
14723,fire,3,
14730,fire,3,
14736,fire,3,
14862,fire,1,
15011,fire,1,
15014,fire,7,
15014,hit,1,7.0
15014,dead,1,7.0
15069,fire,4,
15075,fire,4,
15075,hit,6,4.0
15079,fire,4,
15079,hit,6,4.0
15084,fire,4,
15090,fire,3,
15090,fire,4,
15094,fire,4,
15096,fire,3,
15099,fire,4,
15102,fire,3,
15102,hit,4,3.0
15104,fire,4,
15110,fire,3,
15110,hit,4,3.0
15110,fire,4,
15110,hit,6,4.0
15116,fire,3,
15116,hit,4,3.0
15116,dead,4,3.0
15121,fire,3,
15127,fire,3,
15133,fire,3,
15256,fire,3,
15263,fire,3,
15269,fire,3,
15276,fire,3,
15305,fire,5,
15307,fire,3,
15307,hit,5,3.0
15316,fire,3,
15316,hit,5,3.0
15321,fire,3,
15321,hit,5,3.0
15323,fire,5,
15323,hit,3,5.0
15327,fire,3,
15329,fire,5,
15333,fire,3,
15333,hit,5,3.0
15333,dead,5,3.0
15339,fire,3,
15345,fire,3,
15351,fire,3,
15667,fire,3,
15669,fire,3,
15671,fire,3,
15676,fire,3,
15678,fire,3,
15680,fire,3,
15682,fire,3,
15685,fire,3,
15687,fire,3,
15689,fire,3,
15691,fire,3,
15736,fire,5,
15745,fire,5,
15751,fire,5,
15751,hit,6,5.0
15751,dead,6,5.0
15757,fire,5,
15757,hit,2,5.0
15757,dead,2,5.0
15763,fire,5,
15949,fire,3,
15956,fire,3,
15961,fire,3,
15968,fire,3,
15974,fire,3,
16031,fire,5,
16041,fire,5,
16041,hit,3,5.0
16041,dead,3,5.0
16050,fire,5,
16063,fire,2,
16140,fire,2,
16151,fire,2,
16161,fire,2,
16199,fire,6,
16277,fire,3,
16284,fire,3,
16290,fire,3,
16297,fire,3,
16302,fire,3,
16309,fire,3,
16309,hit,0,3.0
16316,fire,3,
16316,hit,0,3.0
16316,dead,0,3.0
16321,fire,3,
16328,fire,3,
16918,fire,3,
16918,hit,1,3.0
16925,fire,3,
16932,fire,3,
16932,hit,1,3.0
16934,fire,1,
16938,fire,3,
16941,fire,1,
16941,fire,4,
16945,fire,3,
16945,hit,1,3.0
16945,dead,1,3.0
16947,fire,4,
16951,fire,3,
16953,fire,4,
16957,fire,3,
16957,fire,4,
17114,fire,2,
17242,fire,3,
17248,fire,3,
17300,fire,1,
17417,fire,1,
17417,hit,2,1.0
17419,fire,2,
17419,hit,1,2.0
17424,fire,1,
17430,fire,1,
17430,hit,2,1.0
17436,fire,2,
17436,hit,1,2.0
17438,fire,1,
17443,fire,1,
17448,fire,2,
17448,hit,1,2.0
17450,fire,1,
17450,hit,2,1.0
17450,dead,2,1.0
17455,fire,1,
17461,fire,1,
17468,fire,1,
17474,fire,1,
17581,fire,3,
17587,fire,3,
17593,fire,3,
17600,fire,3,
17600,hit,4,3.0
17606,fire,3,
17606,hit,4,3.0
17610,fire,4,
17613,fire,3,
17613,hit,4,3.0
17615,fire,4,
17620,fire,3,
17620,hit,4,3.0
17620,dead,4,3.0
17624,fire,3,
17624,hit,5,3.0
17631,fire,3,
17631,hit,5,3.0
17642,fire,3,
17642,hit,5,3.0
17649,fire,3,
17649,hit,5,3.0
17653,fire,5,
17653,hit,3,5.0
17653,dead,3,5.0
17663,fire,5,
17669,fire,5,
17758,fire,6,
17765,fire,6,
17770,fire,6,
17783,fire,6,
17791,fire,6,
17800,fire,6,
17821,fire,6,
17821,hit,5,6.0
17828,fire,6,
17840,fire,6,
17842,fire,5,
17842,hit,6,5.0
17842,dead,6,5.0
17850,fire,5,
17857,fire,5,
17863,fire,5,
18098,fire,2,
18109,fire,2,
18174,fire,5,
18176,fire,5,
18178,fire,5,
18180,fire,5,
18182,fire,5,
18184,fire,5,
18186,fire,5,
18188,fire,5,
18190,fire,5,
18192,fire,5,
18194,fire,5,
18196,fire,5,
18198,fire,5,
18199,fire,5,
18200,fire,5,
18202,fire,5,
18203,fire,5,
18205,fire,5,
18207,fire,5,
18209,fire,5,
18211,fire,5,
18213,fire,5,
18215,fire,5,
18309,fire,5,
18316,fire,5,
18323,fire,5,
18331,fire,5,
18339,fire,5,
18339,hit,6,5.0
18339,dead,6,5.0
18346,fire,5,
18354,fire,5,
18536,fire,3,
18537,hit,0,3.0
18583,fire,3,
18583,hit,0,3.0
18584,dead,0,3.0
18697,fire,3,
18708,fire,1,
18715,fire,1,
18721,fire,1,
18728,fire,1,
18743,fire,3,
18743,hit,1,3.0
18743,dead,1,3.0
18804,fire,3,
18850,fire,3,
18877,fire,5,
18879,fire,5,
18881,fire,5,
18883,fire,5,
18885,fire,5,
18887,fire,5,
18889,fire,5,
18891,fire,5,
18893,fire,5,
18895,fire,5,
18897,fire,5,
18897,fire,3,
18897,fire,7,
18899,fire,5,
18901,fire,5,
18903,fire,5,
18905,fire,5,
18907,fire,5,
18908,fire,5,
18909,fire,5,
18911,fire,5,
18913,fire,5,
18915,fire,5,
18916,fire,5,
18917,fire,5,
18918,fire,5,
19028,fire,1,
19040,fire,7,
19059,fire,1,
19070,fire,1,
19088,fire,1,
19270,fire,2,
19291,fire,2,
19297,fire,2,
19303,fire,2,
19367,fire,1,
19719,fire,3,
19719,hit,1,3.0
19765,fire,3,
19765,hit,1,3.0
19805,fire,2,
19811,fire,3,
19811,hit,1,3.0
19811,dead,1,3.0
19814,fire,2,
19825,fire,2,
19948,fire,5,
19959,fire,5,
19959,hit,3,5.0
19959,dead,3,5.0
19965,fire,5,
20001,fire,5,
20001,hit,6,5.0
20014,fire,5,
20014,hit,6,5.0
20014,dead,6,5.0
20099,fire,7,
20123,fire,1,
20296,fire,7,
20296,hit,1,7.0
20296,dead,1,7.0
20494,fire,3,
20494,hit,5,3.0
20500,fire,3,
20500,hit,5,3.0
20506,fire,3,
20506,hit,5,3.0
20513,fire,3,
20520,fire,3,
20520,hit,5,3.0
20520,dead,5,3.0
20527,fire,3,
20527,hit,4,3.0
20533,fire,3,
20533,hit,4,3.0
20533,dead,4,3.0
20538,fire,3,
20544,fire,3,
20582,fire,7,
20609,fire,1,
20634,fire,1,
20660,fire,1,
20687,fire,1,
20712,fire,1,
20770,fire,3,
20777,fire,3,
20783,fire,3,
20790,fire,3,
20795,fire,3,
20801,fire,4,
20803,fire,3,
20807,fire,4,
20809,fire,3,
20809,hit,4,3.0
20812,fire,4,
20814,fire,3,
20814,hit,4,3.0
20817,fire,4,
20823,fire,3,
20823,hit,4,3.0
20823,fire,4,
20828,fire,3,
20829,hit,4,3.0
20829,dead,4,3.0
20833,fire,3,
20839,fire,3,
20914,fire,6,
20932,fire,2,
20938,fire,2,
20952,fire,2,
20972,fire,2,
20989,fire,2,
20994,fire,2,
20997,fire,1,
20998,hit,2,1.0
20998,dead,2,1.0
21096,fire,1,
21132,fire,3,
21139,fire,3,
21238,fire,1,
21258,fire,1,
21290,fire,1,
21306,fire,1,
21353,fire,5,
21364,fire,5,
21364,hit,3,5.0
21364,dead,3,5.0
21371,fire,5,
21515,fire,6,
21525,fire,6,
21533,fire,6,
21533,hit,4,6.0
21538,fire,6,
21546,fire,6,
21555,fire,6,
21648,fire,3,
21648,hit,4,3.0
21655,fire,3,
21661,fire,3,
21667,fire,3,
21673,fire,3,
21675,fire,4,
21680,fire,3,
21682,fire,4,
21686,fire,4,
21686,hit,6,4.0
21691,fire,4,
21691,hit,6,4.0
21696,fire,4,
21701,fire,4,
21706,fire,4,
21710,fire,4,
21712,fire,6,
21715,fire,4,
21717,fire,6,
21721,fire,4,
21726,fire,4,
21728,fire,6,
21731,fire,4,
21735,fire,6,
21735,hit,4,6.0
21737,fire,4,
21741,fire,6,
21741,hit,4,6.0
21741,fire,4,
21746,fire,4,
21748,fire,6,
21750,fire,4,
21752,fire,6,
21755,fire,4,
21760,fire,6,
21762,fire,4,
21766,fire,4,
21768,fire,6,
21771,fire,4,
21776,fire,6,
21776,fire,4,
21781,fire,4,
21783,fire,6,
21786,fire,4,
21790,fire,4,
21792,fire,6,
21795,fire,4,
21801,fire,6,
21810,fire,6,
21818,fire,6,
21835,fire,6,
21946,fire,3,
21953,fire,3,
21953,hit,4,3.0
21958,fire,3,
21958,hit,4,3.0
21966,fire,3,
21966,hit,4,3.0
21966,dead,4,3.0
21972,fire,3,
22083,fire,0,
22090,fire,5,
22099,fire,5,
22099,fire,0,
22106,fire,5,
22112,fire,5,
22119,fire,5,
22125,fire,5,
22136,fire,5,
22138,fire,6,
22144,fire,5,
22144,hit,6,5.0
22144,dead,6,5.0
22149,fire,5,
22156,fire,5,
22164,fire,5,
22171,fire,1,
22181,fire,1,
22190,fire,1,
22199,fire,1,
22208,fire,1,
22279,fire,0,
22371,fire,3,
22377,fire,3,
22384,fire,3,
22384,hit,5,3.0
22390,fire,3,
22396,fire,3,
22396,hit,5,3.0
22396,dead,5,3.0
22403,fire,3,
22409,fire,3,
22409,hit,1,3.0
22416,fire,3,
22416,hit,1,3.0
22416,dead,1,3.0
22421,fire,3,
22427,fire,3,
22434,fire,3,
22609,fire,3,
22609,hit,0,3.0
22617,fire,3,
22617,hit,0,3.0
22617,dead,0,3.0
22622,fire,3,
22628,fire,3,
22634,fire,3,
22641,fire,3,
22647,fire,3,
22647,hit,4,3.0
22653,fire,3,
22653,hit,4,3.0
22660,fire,3,
22661,hit,4,3.0
22661,dead,4,3.0
22665,fire,3,
22672,fire,3,
22678,fire,3,
22878,fire,5,
22895,fire,5,
22895,hit,3,5.0
22895,dead,3,5.0
22910,fire,5,
22997,fire,5,
23016,fire,5,
23201,fire,3,
23202,hit,1,3.0
23208,fire,3,
23209,hit,1,3.0
23209,dead,1,3.0
23215,fire,3,
23221,fire,3,
23245,fire,5,
23254,fire,5,
23254,hit,2,5.0
23254,dead,2,5.0
23261,fire,5,
23339,fire,7,
23339,hit,4,7.0
23349,fire,4,
23355,fire,4,
23360,fire,4,
23365,fire,4,
23370,fire,3,
23370,hit,0,3.0
23370,fire,4,
23375,fire,4,
23376,hit,7,4.0
23377,fire,3,
23377,hit,0,3.0
23379,fire,4,
23382,fire,3,
23382,hit,0,3.0
23384,fire,4,
23391,fire,3,
23391,hit,0,3.0
23391,dead,0,3.0
23391,fire,4,
23391,hit,7,4.0
23395,fire,3,
23395,fire,4,
23400,fire,4,
23402,fire,3,
23404,fire,7,
23404,hit,4,7.0
23406,fire,4,
23410,fire,4,
23414,fire,4,
23419,fire,4,
23419,hit,7,4.0
23424,fire,4,
23424,hit,7,4.0
23425,dead,7,4.0
23429,fire,4,
23435,fire,4,
23440,fire,4,
23445,fire,4,
23450,fire,4,
23454,fire,4,
23636,fire,2,
23636,hit,5,2.0
23664,fire,5,
23671,fire,5,
23677,fire,5,
23684,fire,5,
23690,fire,5,
23717,fire,5,
23726,fire,5,
23733,fire,5,
23735,fire,2,
23735,hit,5,2.0
23740,fire,5,
23740,hit,2,5.0
23740,dead,2,5.0
23746,fire,5,
23939,fire,2,
24011,fire,1,
24024,fire,1,
24037,fire,1,
24037,hit,3,1.0
24038,fire,3,
24039,hit,1,3.0
24050,fire,1,
24050,hit,3,1.0
24060,fire,3,
24060,hit,1,3.0
24060,dead,1,3.0
24066,fire,3,
24072,fire,3,
24079,fire,3,
24336,fire,1,
24336,hit,3,1.0
24343,fire,0,
24345,fire,1,
24347,fire,3,
24347,hit,1,3.0
24350,fire,0,
24350,hit,3,0.0
24350,dead,3,0.0
24353,fire,1,
24359,fire,0,
24362,fire,1,
24366,fire,0,
24388,fire,0,
24579,fire,1,
24588,fire,1,
24596,fire,1,
24607,fire,1,
24615,fire,1,
24624,fire,1,
24632,fire,1,
24642,fire,1,
24652,fire,1,
24662,fire,1,
24679,fire,1,
24688,fire,1,
24696,fire,1,
24703,fire,1,
24708,fire,3,
24715,fire,3,
24715,hit,4,3.0
24722,fire,3,
24722,hit,4,3.0
24722,dead,4,3.0
24728,fire,3,
24734,fire,3,
24817,fire,2,
24873,fire,1,
24880,fire,1,
24884,fire,2,
24884,hit,1,2.0
24885,dead,1,2.0
24911,fire,5,
24923,fire,5,
24928,fire,5,
24936,fire,5,
24960,fire,5,
24966,fire,5,
25001,fire,0,
25001,hit,2,0.0
25008,fire,0,
25011,fire,2,
25011,hit,0,2.0
25026,fire,0,
25026,hit,2,0.0
25033,fire,0,
25046,fire,0,
25053,fire,0,
25053,hit,2,0.0
25055,fire,6,
25060,fire,6,
25060,hit,4,6.0
25067,fire,6,
25067,hit,4,6.0
25070,fire,0,
25073,fire,6,
25073,hit,4,6.0
25078,fire,2,
25078,hit,0,2.0
25078,fire,0,
25081,fire,6,
25081,hit,4,6.0
25081,dead,4,6.0
25084,fire,6,
25090,fire,6,
25095,fire,6,
25101,fire,6,
25104,fire,0,
25104,hit,2,0.0
25104,dead,2,0.0
25110,fire,0,
25116,fire,0,
25130,fire,0,
25137,fire,0,
25199,fire,3,
25205,fire,3,
25212,fire,3,
25212,hit,5,3.0
25212,fire,5,
25213,hit,3,5.0
25213,dead,3,5.0
25222,fire,5,
25229,fire,5,
25239,fire,5,
25354,fire,7,
25399,fire,1,
25401,fire,6,
25405,fire,1,
25407,fire,6,
25411,fire,1,
25412,fire,6,
25412,hit,1,6.0
25417,fire,1,
25417,hit,6,1.0
25419,fire,6,
25425,fire,1,
25425,hit,6,1.0
25425,dead,6,1.0
25431,fire,1,
25436,fire,1,
25444,fire,1,
25450,fire,1,
25499,fire,5,
25501,fire,5,
25503,fire,5,
25505,fire,5,
25507,fire,5,
25509,fire,5,
25511,fire,5,
25513,fire,5,
25515,fire,5,
25517,fire,5,
25519,fire,5,
25521,fire,5,
25523,fire,5,
25525,fire,5,
25527,fire,5,
25529,fire,5,
25531,fire,5,
25533,fire,5,
25535,fire,5,
25537,fire,5,
25539,fire,5,
25540,fire,5,
25542,fire,7,
25542,hit,1,7.0
25543,dead,1,7.0
25798,fire,2,
25798,hit,4,2.0
25799,hit,4,2.0
25806,fire,4,
25806,hit,2,4.0
25812,fire,4,
25817,fire,4,
25822,fire,4,
25822,hit,2,4.0
25827,fire,4,
25828,hit,2,4.0
25831,fire,4,
25836,fire,4,
25841,fire,4,
25846,fire,4,
25852,fire,4,
25856,fire,2,
25856,hit,4,2.0
25856,dead,4,2.0
25887,fire,7,
25887,hit,1,7.0
25887,dead,1,7.0
25965,fire,3,
25992,fire,0,
25998,fire,0,
26001,fire,2,
26001,hit,0,2.0
26002,hit,0,2.0
26004,fire,0,
26004,hit,2,0.0
26011,fire,0,
26017,fire,0,
26097,fire,0,
26100,fire,2,
26100,hit,0,2.0
26100,dead,0,2.0
26126,fire,1,
26198,fire,6,
26203,fire,6,
26207,fire,5,
26238,fire,5,
26246,fire,5,
26252,fire,6,
26254,fire,5,
26258,fire,6,
26260,fire,5,
26260,hit,7,5.0
26265,fire,1,
26265,fire,6,
26268,fire,5,
26268,hit,7,5.0
26271,fire,7,
26275,fire,6,
26275,fire,1,
26281,fire,1,
26281,fire,6,
26281,hit,1,6.0
26287,fire,1,
26289,fire,6,
26293,fire,1,
26297,fire,6,
26297,hit,1,6.0
26300,fire,1,
26302,fire,6,
26302,hit,1,6.0
26306,fire,1,
26308,fire,6,
26308,hit,1,6.0
26308,dead,1,6.0
26314,fire,6,
26320,fire,5,
26320,fire,6,
26324,fire,6,
26328,fire,5,
26334,fire,5,
26341,fire,5,
26349,fire,5,
26356,fire,5,
26374,fire,5,
26374,hit,7,5.0
26381,fire,5,
26390,fire,5,
26396,fire,5,
26401,fire,5,
26424,fire,5,
26432,fire,5,
26439,fire,5,
26447,fire,5,
26447,hit,7,5.0
26447,dead,7,5.0
26452,fire,5,
26473,fire,5,
26480,fire,5,
26723,fire,3,
26730,fire,3,
26736,fire,3,
26743,fire,3,
26900,fire,4,
26916,fire,4,
26926,fire,4,
26946,fire,4,
26958,fire,5,
26965,fire,4,
26967,fire,5,
26973,fire,5,
26981,fire,5,
26981,hit,2,5.0
26981,dead,2,5.0
26985,fire,4,
26987,fire,5,
26992,fire,5,
26999,fire,5,
27001,fire,4,
27021,fire,4,
27036,fire,4,
27059,fire,4,
27080,fire,4,
27097,fire,4,
27109,fire,4,
27131,fire,4,
27181,fire,4,
27198,fire,4,
27213,fire,4,
27275,fire,4,
27287,fire,2,
27296,fire,4,
27465,fire,6,
27474,fire,6,
27484,fire,6,
27484,hit,0,6.0
27494,fire,6,
27495,hit,0,6.0
27496,fire,0,
27500,fire,7,
27500,hit,0,7.0
27500,dead,0,7.0
27502,fire,6,
27511,fire,5,
27513,fire,6,
27518,fire,3,
27518,hit,5,3.0
27520,fire,6,
27522,fire,5,
27524,fire,6,
27527,fire,5,
27536,fire,5,
27536,hit,3,5.0
27536,dead,3,5.0
27542,fire,5,
27552,fire,5,
27559,fire,5,
27798,fire,4,
27798,hit,6,4.0
27822,fire,4,
27822,hit,6,4.0
27822,dead,6,4.0
27881,fire,7,
27881,hit,5,7.0
27881,dead,5,7.0
27967,fire,1,
27972,fire,2,
28099,fire,2,
28151,fire,3,
28157,fire,2,
28159,fire,3,
28159,hit,4,3.0
28163,fire,3,
28163,hit,4,3.0
28170,fire,3,
28176,fire,3,
28182,fire,7,
28182,hit,4,7.0
28182,dead,4,7.0
28184,fire,3,
28189,fire,3,
28195,fire,3,
28211,fire,2,
28301,fire,2,
28342,fire,7,
28344,fire,7,
28346,fire,7,
28351,fire,7,
28353,fire,7,
28355,fire,7,
28359,fire,7,
28361,fire,7,
28364,fire,3,
28364,hit,1,3.0
28371,fire,3,
28371,hit,1,3.0
28378,fire,3,
28378,hit,1,3.0
28384,fire,3,
28384,hit,1,3.0
28384,dead,1,3.0
28390,fire,3,
28392,fire,5,
28401,fire,5,
28401,hit,2,5.0
28401,dead,2,5.0
28408,fire,5,
28439,fire,0,
28446,fire,0,
28451,fire,0,
28668,fire,5,
28676,fire,5,
28681,fire,5,
28681,hit,7,5.0
28686,fire,7,
28686,hit,5,7.0
28686,dead,5,7.0
28809,fire,4,
28809,hit,7,4.0
28835,fire,4,
28835,hit,7,4.0
28836,dead,7,4.0
28967,fire,6,
28967,hit,0,6.0
28974,fire,0,
28976,fire,6,
28976,hit,0,6.0
28981,fire,0,
28981,hit,6,0.0
28983,fire,6,
28987,fire,0,
28987,hit,6,0.0
28989,fire,6,
28989,hit,0,6.0
28994,fire,6,
28994,hit,0,6.0
28994,dead,0,6.0
28999,fire,6,
29004,fire,6,
29010,fire,6,
29063,fire,1,
29069,fire,1,
29076,fire,1,
29081,fire,1,
29083,fire,3,
29087,fire,1,
29087,hit,3,1.0
29089,fire,6,
29091,fire,3,
29091,hit,1,3.0
29094,fire,6,
29096,fire,1,
29098,fire,3,
29098,hit,1,3.0
29100,fire,6,
29100,hit,1,6.0
29102,fire,1,
29104,fire,3,
29104,hit,1,3.0
29104,dead,1,3.0
29107,fire,6,
29109,fire,3,
29113,fire,6,
29116,fire,3,
29118,fire,6,
29124,fire,6,
29132,fire,6,
29140,fire,6,
29247,fire,7,
29410,fire,2,
29410,hit,4,2.0
29457,fire,3,
29464,fire,3,
29466,fire,0,
29470,fire,3,
29470,hit,0,3.0
29478,fire,3,
29478,hit,0,3.0
29478,dead,0,3.0
29483,fire,3,
29488,fire,2,
29488,hit,4,2.0
29490,fire,3,
29536,fire,6,
29544,fire,2,
29546,fire,6,
29553,fire,6,
29555,fire,5,
29555,hit,6,5.0
29559,fire,6,
29564,fire,5,
29566,fire,6,
29572,fire,5,
29574,fire,6,
29576,fire,5,
29580,fire,6,
29583,fire,5,
29583,hit,6,5.0
29586,fire,3,
29590,fire,5,
29590,hit,6,5.0
29590,dead,6,5.0
29593,fire,3,
29597,fire,5,
29601,fire,2,
29601,hit,4,2.0
29604,fire,5,
29648,fire,1,
29648,hit,2,1.0
29653,fire,4,
29653,hit,2,4.0
29656,fire,2,
29656,hit,4,2.0
29656,dead,4,2.0
29662,fire,1,
29662,hit,2,1.0
29677,fire,1,
29677,hit,2,1.0
29677,dead,2,1.0
29690,fire,1,
29693,fire,3,
29700,fire,3,
29706,fire,3,
29712,fire,3,
29718,fire,3,
29725,fire,3,
29725,hit,5,3.0
29730,fire,5,
29730,hit,3,5.0
29730,dead,3,5.0
29737,fire,5,
29742,fire,5,
29749,fire,5,
29755,fire,5,
29908,hit,3,1.0
29937,fire,0,
29942,fire,2,
29942,hit,0,2.0
29944,fire,0,
29950,fire,0,
29956,fire,0,
29956,hit,2,0.0
29957,dead,2,0.0
29964,fire,5,
29966,fire,0,
29972,fire,5,
29974,fire,0,
29979,fire,1,
29979,hit,3,1.0
29979,fire,5,
29981,fire,0,
29987,fire,3,
29987,hit,1,3.0
29994,fire,3,
29994,hit,1,3.0
29994,dead,1,3.0
29999,fire,3,
30006,fire,3,
30012,fire,3,
30039,fire,4,
30049,fire,5,
30058,fire,5,
30058,hit,7,5.0
30058,dead,7,5.0
30073,fire,5,
30075,fire,5,
30168,fire,6,
30174,fire,6,
30182,fire,6,
30190,fire,6,
30214,fire,1,
30225,fire,1,
30225,hit,6,1.0
30238,fire,1,
30238,hit,6,1.0
30245,fire,1,
30355,fire,5,
30357,fire,5,
30359,fire,5,
30361,fire,5,
30363,fire,5,
30365,fire,5,
30367,fire,5,
30369,fire,5,
30370,fire,5,
30373,fire,5,
30374,fire,5,
30376,fire,5,
30378,fire,5,
30380,fire,5,
30382,fire,5,
30384,fire,5,
30386,fire,5,
30388,fire,5,
30390,fire,5,
30392,fire,5,
30394,fire,5,
30396,fire,5,
30417,fire,6,
30422,fire,6,
30422,hit,1,6.0
30427,fire,6,
30431,fire,7,
30431,hit,4,7.0
30431,dead,4,7.0
30433,fire,6,
30438,fire,6,
30440,fire,1,
30442,fire,6,
30442,hit,1,6.0
30444,fire,1,
30446,fire,6,
30446,hit,1,6.0
30451,fire,1,
30451,fire,6,
30455,fire,6,
30457,fire,1,
30457,hit,6,1.0
30460,fire,6,
30462,fire,1,
30462,hit,6,1.0
30462,dead,6,1.0
30469,fire,1,
30475,fire,1,
30483,fire,1,
30513,fire,3,
30518,fire,3,
30523,fire,3,
30528,fire,3,
30686,fire,5,
30695,fire,5,
30695,hit,2,5.0
30695,dead,2,5.0
30701,fire,5,
30707,fire,5,
30906,fire,6,
30906,hit,4,6.0
30914,fire,6,
30921,fire,6,
30921,hit,4,6.0
30929,fire,6,
30929,hit,4,6.0
30937,fire,6,
30937,hit,4,6.0
30944,fire,6,
30952,fire,6,
30959,fire,6,
30968,fire,3,
30973,fire,3,
30975,fire,6,
30978,fire,3,
30984,fire,3,
30984,fire,6,
30986,fire,5,
30988,fire,3,
30991,fire,6,
30993,fire,3,
30993,fire,5,
30996,fire,3,
30999,fire,6,
31001,fire,5,
31003,fire,3,
31006,fire,3,
31008,fire,5,
31011,fire,3,
31016,fire,3,
31020,fire,3,
31025,fire,3,
31030,fire,3,
31035,fire,3,
31035,hit,5,3.0
31035,fire,5,
31039,fire,3,
31040,hit,5,3.0
31042,fire,5,
31044,fire,3,
31044,hit,5,3.0
31048,fire,3,
31048,hit,5,3.0
31050,fire,5,
31054,fire,3,
31054,hit,5,3.0
31054,dead,5,3.0
31058,fire,3,
31063,fire,3,
31067,fire,3,
31072,fire,3,
31072,fire,4,
31076,fire,3,
31081,fire,3,
31086,fire,3,
31090,fire,3,
31095,fire,3,
31100,fire,3,
31100,fire,4,
31103,fire,6,
31105,fire,3,
31109,fire,6,
31111,fire,3,
31114,fire,3,
31116,fire,6,
31119,fire,3,
31121,fire,6,
31123,fire,3,
31123,fire,4,
31126,fire,6,
31126,hit,4,6.0
31128,fire,3,
31131,fire,6,
31133,fire,3,
31137,fire,6,
31143,fire,6,
31147,fire,4,
31147,hit,6,4.0
31150,fire,6,
31154,fire,6,
31160,fire,6,
31165,fire,6,
31170,fire,4,
31170,hit,6,4.0
31172,fire,6,
31194,fire,4,
31194,hit,6,4.0
31217,fire,4,
31217,hit,6,4.0
31220,fire,0,
31225,fire,0,
31230,fire,0,
31236,fire,0,
31240,fire,0,
31245,fire,0,
31248,fire,0,
31253,fire,0,
31258,fire,0,
31263,fire,0,
31268,fire,0,
31272,fire,0,
31277,fire,0,
31282,fire,0,
31287,fire,0,
31291,fire,0,
31295,fire,0,
31295,hit,7,0.0
31300,fire,0,
31305,fire,0,
31310,fire,0,
31315,fire,0,
31319,fire,0,
31319,hit,7,0.0
31319,dead,7,0.0
31324,fire,0,
31328,fire,0,
31334,fire,0,
31338,fire,0,
31342,fire,0,
31347,fire,0,
31385,fire,4,
31385,hit,6,4.0
31393,fire,6,
31395,fire,3,
31395,fire,4,
31400,fire,3,
31402,fire,6,
31406,fire,3,
31406,fire,4,
31406,hit,6,4.0
31406,dead,6,4.0
31408,fire,1,
31410,fire,3,
31414,fire,3,
31418,fire,1,
31419,fire,4,
31420,fire,3,
31423,fire,3,
31428,fire,3,
31428,fire,4,
31433,fire,3,
31438,fire,3,
31438,fire,4,
31443,fire,3,
31447,fire,3,
31451,fire,0,
31452,fire,3,
31452,hit,0,3.0
31453,dead,0,3.0
31457,fire,3,
31461,fire,3,
31466,fire,3,
31470,fire,3,
31576,fire,5,
31582,fire,5,
31583,hit,3,5.0
31583,dead,3,5.0
31590,fire,5,
31595,fire,5,
31693,fire,5,
31755,fire,5,
31762,fire,5,
31765,fire,6,
31768,fire,5,
31775,fire,5,
31784,fire,7,
31786,fire,5,
31794,fire,5,
31806,fire,5,
31806,hit,7,5.0
31806,dead,7,5.0
31815,fire,5,
31832,fire,3,
31838,fire,3,
31838,hit,5,3.0
31844,fire,3,
31844,hit,5,3.0
31851,fire,3,
31851,hit,5,3.0
31857,fire,3,
31857,hit,5,3.0
31857,dead,5,3.0
31863,fire,3,
31870,fire,3,
31875,fire,3,
32188,fire,4,
32407,fire,3,
32414,fire,3,
32416,fire,0,
32419,fire,3,
32419,hit,0,3.0
32423,fire,0,
32426,fire,3,
32426,hit,0,3.0
32432,fire,3,
32438,fire,3,
32438,hit,0,3.0
32438,dead,0,3.0
32445,fire,3,
32473,fire,2,
32473,hit,1,2.0
32481,fire,1,
32491,fire,1,
32496,fire,1,
32514,fire,1,
32514,fire,3,
32514,hit,5,3.0
32517,fire,5,
32517,hit,3,5.0
32517,dead,3,5.0
32524,fire,5,
32526,fire,1,
32532,fire,5,
32535,fire,1,
32537,fire,2,
32537,hit,4,2.0
32537,dead,4,2.0
32537,hit,1,2.0
32537,dead,1,2.0
32539,fire,5,
32774,fire,6,
32876,fire,5,
32901,fire,7,
32951,fire,2,
32951,hit,4,2.0
32955,fire,4,
32980,fire,4,
32980,hit,2,4.0
33003,fire,4,
33003,hit,2,4.0
33006,fire,2,
33006,hit,4,2.0
33007,hit,4,2.0
33034,fire,4,
33034,hit,2,4.0
33034,dead,2,4.0
33122,fire,7,
33166,fire,1,
33176,fire,1,
33176,hit,3,1.0
33186,fire,1,
33196,fire,1,
33199,fire,3,
33205,fire,3,
33210,fire,1,
33212,fire,3,
33218,fire,3,
33218,hit,1,3.0
33222,fire,1,
33224,fire,3,
33230,fire,3,
33230,hit,1,3.0
33237,fire,3,
33237,hit,1,3.0
33237,dead,1,3.0
33242,fire,3,
33249,fire,3,
33255,fire,3,
33258,fire,5,
33266,fire,5,
33271,fire,7,
33271,hit,0,7.0
33271,dead,0,7.0
33274,fire,5,
33347,fire,5,
33360,fire,5,
33365,fire,5,
33371,fire,2,
33373,fire,5,
33373,hit,6,5.0
33381,fire,5,
33381,hit,6,5.0
33381,dead,6,5.0
33388,fire,5,
33394,fire,5,
33401,fire,5,
33646,fire,5,
33655,fire,5,
33661,fire,5,
33661,hit,6,5.0
33661,dead,6,5.0
33669,fire,5,
33675,fire,5,
33683,fire,5,
33837,fire,3,
33844,fire,3,
33850,fire,3,
33850,hit,5,3.0
33850,dead,5,3.0
33857,fire,3,
33863,fire,3,
33869,fire,3,
33895,fire,1,
33895,hit,7,1.0
33906,fire,1,
33916,fire,1,
33968,fire,1,
33991,fire,1,
34010,fire,1,
34017,fire,6,
34019,fire,1,
34023,fire,6,
34029,fire,1,
34029,fire,6,
34035,fire,6,
34035,hit,1,6.0
34042,fire,1,
34042,hit,6,1.0
34043,fire,6,
34044,hit,1,6.0
34049,fire,6,
34049,hit,1,6.0
34051,fire,1,
34056,fire,6,
34063,fire,1,
34063,fire,6,
34070,fire,6,
34074,fire,1,
34074,hit,6,1.0
34074,dead,6,1.0
34083,fire,1,
34094,fire,1,
34096,fire,3,
34102,fire,3,
34102,hit,0,3.0
34109,fire,3,
34109,hit,0,3.0
34115,fire,3,
34115,hit,0,3.0
34120,fire,3,
34120,hit,0,3.0
34121,dead,0,3.0
34127,fire,3,
34133,fire,3,
34253,fire,5,
34261,fire,5,
34269,fire,5,
34269,hit,2,5.0
34269,dead,2,5.0
34276,fire,5,
34283,fire,5,
34331,fire,1,
34382,fire,5,
34391,fire,5,
34398,fire,5,
34406,fire,5,
34429,fire,5,
34437,fire,5,
34444,fire,5,
34455,fire,5,
34467,fire,5,
34475,fire,5,
34510,fire,6,
34564,fire,6,
34776,fire,5,
34786,fire,5,
34793,fire,5,
34793,hit,7,5.0
34793,dead,7,5.0
34797,fire,0,
34800,fire,5,
34803,fire,0,
34805,fire,5,
34809,fire,0,
34816,fire,0,
34822,fire,0,
34918,fire,0,
34925,fire,0,
34932,fire,0,
34941,fire,3,
34941,hit,4,3.0
34941,dead,4,3.0
34943,fire,0,
34946,fire,3,
34951,fire,3,
34956,fire,3,
34960,fire,3,
34965,fire,3,
34970,fire,3,
34970,hit,5,3.0
34975,fire,3,
34980,fire,3,
34986,fire,3,
34992,fire,3,
34992,hit,0,3.0
34996,fire,3,
34996,hit,0,3.0
35001,fire,3,
35001,hit,5,3.0
35005,fire,3,
35005,hit,5,3.0
35010,fire,3,
35010,hit,5,3.0
35015,fire,3,
35015,hit,5,3.0
35020,fire,3,
35020,hit,5,3.0
35026,fire,3,
35026,hit,5,3.0
35031,fire,3,
35031,hit,5,3.0
35036,fire,3,
35036,hit,5,3.0
35040,fire,3,
35040,hit,5,3.0
35045,fire,3,
35045,hit,5,3.0
35050,fire,3,
35050,hit,5,3.0
35055,fire,3,
35055,hit,5,3.0
35055,dead,5,3.0
35060,fire,3,
35066,fire,3,
35066,hit,0,3.0
35071,fire,3,
35071,hit,0,3.0
35076,fire,3,
35081,fire,3,
35081,hit,0,3.0
35085,fire,3,
35085,hit,0,3.0
35087,fire,1,
35090,fire,3,
35090,hit,0,3.0
35095,fire,3,
35095,hit,0,3.0
35100,fire,3,
35105,fire,3,
35111,fire,3,
35116,fire,3,
35120,fire,3,
35125,fire,3,
35130,fire,3,
35138,fire,3,
35142,fire,1,
35142,fire,3,
35145,fire,3,
35151,fire,3,
35156,fire,3,
35161,fire,3,
35316,fire,6,
35322,fire,6,
35328,fire,6,
35334,fire,6,
35335,hit,4,6.0
35340,fire,6,
35340,hit,4,6.0
35346,fire,6,
35357,fire,6,
35363,fire,6,
35371,fire,6,
35380,fire,6,
35382,fire,4,
35387,fire,6,
35393,fire,6,
35399,fire,6,
35405,fire,6,
35405,fire,4,
35412,fire,6,
35422,fire,6,
35427,fire,4,
35427,hit,6,4.0
35430,fire,6,
35430,fire,7,
35430,hit,4,7.0
35430,dead,4,7.0
35434,fire,6,
35440,fire,6,
35449,fire,6,
35457,fire,6,
35522,fire,2,
35591,fire,5,
35599,fire,5,
35607,fire,5,
35614,fire,5,
35645,fire,3,
35651,fire,3,
35651,hit,1,3.0
35656,fire,3,
35660,fire,3,
35661,hit,1,3.0
35665,fire,3,
35670,fire,3,
35670,hit,1,3.0
35675,fire,3,
35675,hit,1,3.0
35675,dead,1,3.0
35680,fire,3,
35685,fire,3,
35691,fire,3,
35696,fire,3,
35953,fire,3,
35958,fire,3,
35963,fire,3,
35963,hit,1,3.0
35968,fire,3,
35968,hit,1,3.0
35974,fire,3,
35974,hit,1,3.0
35974,dead,1,3.0
35978,fire,3,
35983,fire,3,
35989,fire,3,
35993,fire,3,
36055,fire,5,
36063,fire,5,
36063,hit,3,5.0
36063,dead,3,5.0
36068,fire,5,
36074,fire,5,
36279,fire,7,
36297,fire,5,
36305,fire,5,
36311,fire,5,
36311,hit,2,5.0
36311,dead,2,5.0
36317,fire,5,
36358,fire,3,
36365,fire,3,
36365,hit,0,3.0
36370,fire,3,
36371,hit,0,3.0
36377,fire,3,
36377,hit,0,3.0
36377,dead,0,3.0
36397,fire,4,
36545,fire,3,
36685,fire,0,
36692,fire,0,
36698,fire,0,
36704,fire,0,
36704,hit,6,0.0
36710,fire,0,
36716,fire,0,
36730,fire,0,
36737,fire,0,
36737,hit,6,0.0
36742,fire,0,
36752,fire,0,
36759,fire,0,
36765,fire,0,
36783,fire,0,
36783,hit,6,0.0
36783,dead,6,0.0
36788,fire,0,
36794,fire,0,
36971,fire,1,
36977,fire,5,
36979,fire,3,
36984,fire,1,
36987,fire,3,
36987,fire,5,
36991,fire,1,
36991,fire,3,
36993,fire,5,
36997,fire,3,
36998,hit,4,3.0
36999,fire,5,
37004,fire,3,
37004,hit,4,3.0
37004,dead,4,3.0
37009,fire,3,
37016,fire,3,
37022,fire,3,
37026,fire,5,
37029,fire,3,
37033,fire,5,
37033,hit,3,5.0
37033,dead,3,5.0
37039,fire,5,
37046,fire,5,
37056,fire,5,
37339,fire,0,
37342,fire,6,
37342,hit,0,6.0
37347,fire,0,
37347,hit,6,0.0
37349,fire,6,
37349,hit,0,6.0
37353,fire,6,
37353,hit,0,6.0
37353,dead,0,6.0
37360,fire,6,
37362,fire,3,
37366,fire,6,
37371,fire,6,
37425,fire,5,
37425,hit,2,5.0
37425,dead,2,5.0
37434,fire,5,
37440,fire,5,
37446,fire,5,
37609,fire,4,
37609,hit,7,4.0
37616,fire,3,
37622,fire,3,
37628,fire,3,
37635,fire,3,
37635,fire,4,
37641,fire,3,
37644,fire,1,
37647,fire,3,
37654,fire,3,
37657,fire,4,
37660,fire,1,
37673,fire,7,
37673,hit,4,7.0
37673,dead,4,7.0
37680,fire,1,
37688,fire,1,
37696,fire,1,
37712,fire,1,
37720,fire,3,
37720,hit,0,3.0
37723,fire,1,
37727,fire,3,
37732,fire,1,
37734,fire,3,
37734,hit,0,3.0
37734,dead,0,3.0
37740,fire,3,
37742,fire,1,
37746,fire,3,
37755,fire,1,
37763,fire,1,
